﻿<?xml version="1.0" encoding="utf-8" standalone="yes" ?>
<Window size="800,600" sizebox="4,4,4,4" caption="0,0,0,32" mininfo="600,400">

<Style imagerectstyle="l,t,w,h" />
<Include source="scrollbar_ltwh.xml" />
<Style name="nav_item" height="40" 
    selectedimage="color='#ff0078d7' dest='155,5,5,20'" 
    hotimage="color='#FFA2D7FF'  dest='155,5,5,20'"
    align="left" textpadding="52,-10,0,0" />
<VerticalLayout bordersize="1" bordercolor="#FF1985DA">

    <!-- 左-导航, 右-内容 水平布局 -->
    <HorizontalLayout style="ct-bknav" padding="1,1,1,1" >

        <!-- 左侧 区域 -->
        <VerticalLayout name="nav" width="160" >
            <!-- 左上 logo 区域 -->
            <Label height="32" text="应用基地" padding="20,0,0,0" />
            <HorizontalLayout style="nav_item" padding="20,0,0,0" >
                <Label text="" font="sym16" width="32" />
                <Button text="%{Home}" align="left" name="home_button" />
            </HorizontalLayout>

            <Label height="32" showhtml="true" text="分类" padding="20,0,0,0" />

            <!-- 左侧 导航 项目 -->
            <VerticalLayout name="$TabList">

            </VerticalLayout>
        </VerticalLayout>


        <!-- 右侧内容区域格式 -->
        <VerticalLayout padding="0,1,1,1" style="ct-bkcontent">

            <!-- 右侧顶部标题区域 -->
            <VerticalLayout height="32">
                <HorizontalLayout height="32">
                    <Label text="" textpadding="5,0,0,0" />
                    <Control />
                    <!-- https://docs.microsoft.com/ja-jp/windows/uwp/design/style/segoe-ui-symbol-font -->
                    <Button name="::minbtn" text="" font="sym" textcolor="#ff8b8b8b" hottextcolor="#ffffffff" hotimage="color='#ff1985da'" width="48" height="32" />
                    <Button name="::closebtn" text="" font="sym" textcolor="#ff8b8b8b" hottextcolor="#ffffffff" hotimage="color='#ffe81123'" width="48" height="32" />
                </HorizontalLayout>
            </VerticalLayout>

            <!-- 右侧 内容 主区域 -->
            <VerticalLayout name="$TabLayoutParent">

<List name="list_data" bkcolor="#FFFFFFFF" inset="0,0,0,0" bordersize="1" bordercolor="#FFD7D7D7" itemshowhtml="true" vscrollbar="true" hscrollbar="true" itemalign="left"  itemaltbk="true" itemshowrowline="true" itemshowcolumnline="true" itemlinecolor="#FFD7D7D7">
            <ListHeader height="40" bkcolor="#FFE6ECF7" bordersize="1" bordercolor="#FFD7D7D7">
                <ListHeaderItem text="序号" width="50" align="left" textpadding="15,0,0,0" />
                <ListHeaderItem text="磁盘"  width="100" align="left" textpadding="15,0,0,0" />
                <ListHeaderItem text="分区"  width="100" align="left" textpadding="15,0,0,0" />
                <ListHeaderItem text="容量"  width="100" align="left" textpadding="15,0,0,0" />
            </ListHeader>

   <ListContainerElement  height="40" >  
        <HorizontalLayout>  
         <!--序号-->
            <Label text="1:1" textpadding="15,0,0,0" valign="center" height="40"  textcolor="#FF5E5E5E" disabledtextcolor="#FFA7A6AA" />  
          <Control width="1" bkcolor="#FFCACACA"/>    
         <!--磁盘-->
         <Label  text="Disk 1" textpadding="15,0,0,0" valign="center" height="40" textcolor="#FF5E5E5E" disabledtextcolor="#FFA7A6AA" />  
         <Control width="5" bkcolor="#FFACACAC"/>  
         <!--分区-->
         <Label  text="C:" align="right"  textcolor="#FF0000FF" disabledtextcolor="#FFA7A6AA" /> 
         <!--容量-->
         <Label  text="256.8 GB" align="right" textcolor="#FF5E5E5E" disabledtextcolor="#FFFFEEAA" />   
        </HorizontalLayout>
    </ListContainerElement> 


    <ListContainerElement  height="30" bordercolor="#ffcccccc">
        <HorizontalLayout>
            <Label name="listmem2" text="222" align="center" float="true" bkcolor="#FFFFFFFF" pos="17,7,0,0" width="51" height="15" textcolor="#FF000000" disabledtextcolor="#FFA7A6AA" />
        </HorizontalLayout>
        <HorizontalLayout>
            <Label name="listmem2" text="333" align="center" float="true" bkcolor="#FFFFFFFF" pos="17,7,0,0" width="51" height="15" textcolor="#FF000000" disabledtextcolor="#FFA7A6AA" />
        </HorizontalLayout>
        <HorizontalLayout>
            <Label name="listmem2" text="444" align="center" float="true" bkcolor="#FFFFFFFF" pos="17,7,0,0" width="51" height="15" textcolor="#FF000000" disabledtextcolor="#FFA7A6AA" />
        </HorizontalLayout>
    </ListContainerElement>

 </List>


<VerticalLayout text="列表" bordersize="1" inset="2,2,2,2" bordercolor="#0057C0FF">
    <List name="iplist" bkcolor="#FFFFFFFF" inset="0,0,0,0" itemshowhtml="true" vscrollbar="true" hscrollbar="true" headerbkimage="file='list_header_bg.png'" itemalign="center" itembkcolor="#FFFFFFFF" itemaltbk="true" hscrollbar="true" menu="true">
        <ListHeader>
            <ListHeaderItem font="1" text="IP" minwidth="100" hotimage="file='list_header_hot.png'" pushedimage="file='list_header_pushed.png'" sepimage="file='list_header_sep.png'" sepwidth="3" />
            <ListHeaderItem font="1" text="端口" maxwidth="50" hotimage="file='list_header_hot.png'" pushedimage="file='list_header_pushed.png'" sepimage="file='list_header_sep.png'" sepwidth="1" />
            <ListHeaderItem font="1" text="用户名" hotimage="file='list_header_hot.png'" pushedimage="file='list_header_pushed.png'" sepimage="file='list_header_sep.png'" sepwidth="2" />
        </ListHeader>

    <ListLabelElement text="222        7777" height="30"  bordercolor="#ffcccccc">
    </ListLabelElement>

    <ListLabelElement text="333" height="30"  bordercolor="#ffcccccc">
    </ListLabelElement>


  <ListContainerElement height="50" >  
        <HorizontalLayout>
  <CheckBox name="selectme" endellipsis="true"  text="亲，选我吧！" textcolor="#FF386382" hottextcolor="#FF386382" selectedtextcolor="#FF386382" disabledtextcolor="#FFbac0c5"    />   
  <Label name="listmem1" text="abc" align="center"  bkcolor="#FFFFFFFF" width="51" textcolor="#FF000000" disabledtextcolor="#FFA7A6AA" />
     <HorizontalLayout width="200">
          <Button text="删除" textcolor="#FF386382" hottextcolor="#FF386382"  />   
          <Button text="格式化" textcolor="#FF386382" hottextcolor="#FF386382"  />  
          <Button text="打开" textcolor="#FF386382" hottextcolor="#FF386382"  />  
     </HorizontalLayout>
   </HorizontalLayout>
  </ListContainerElement>  

    <ListContainerElement  height="30"  bordercolor="#ffcccccc">
        <HorizontalLayout>
            <Label name="listmem1" text="abc" align="center"  bkcolor="#FFFFFFFF" width="51" textcolor="#FF000000" disabledtextcolor="#FFA7A6AA" />
        </HorizontalLayout>
        <HorizontalLayout>
            <Label name="listmem2" text="def" align="center" bkcolor="#FFFFFFFF"  width="51" textcolor="#FF000000" disabledtextcolor="#FFA7A6AA" />
        </HorizontalLayout>
        <HorizontalLayout>
            <Label name="listmem3" text="xyz" align="center" bkcolor="#FFFFFFFF" width="51" textcolor="#FF000000" disabledtextcolor="#FFA7A6AA" />
        </HorizontalLayout>
    </ListContainerElement>

    </List>
</VerticalLayout>



            </VerticalLayout>

        </VerticalLayout>

    </HorizontalLayout>
</VerticalLayout>
</Window>
