<?xml version="1.0" encoding="utf-8"?>
<Window size="920,600" caption="0,0,0,32" sizebox="6,6,6,6"  >
    <Style imagerectstyle="l,t,w,h" />
    <Include source="scrollbar_ltwh.xml" />
    <Style name="sec_icon" bkimage="file='sec.ico'" height="16" width="16" padding="15,4,5,0" />
    <VerticalLayout style="ct-bd">
      <VerticalLayout style="ct-bk" padding="1,1,1,1">
        <HorizontalLayout height="32" style="ct-title">
            <Button bkimage="file='MYPC_16x16.ico'" width="16" height="16" padding="6,6,0,0" />
            <Label name="title" text="System" textcolor="#FFFFFFFF" align="left" padding="4,0,0,0" />
            <Button name="::minbtn" text="" font="sym" textcolor="#ff8b8b8b" hottextcolor="#ffffffff" hotimage="color='#ff1985da'" width="48" height="32" />
            <Button name="::closebtn" text="" font="sym" textcolor="#ff8b8b8b" hottextcolor="#ffffffff" hotimage="color='#ffe81123'" width="48" height="32" />
            <!-- <Button name="::closebtn" bkimage="file='close.png'" width="16" height="16" padding="0,8,8,0" /> -->
        </HorizontalLayout>
        <HorizontalLayout bordersize="2" style="ct-bdtitle" >
            <VerticalLayout width="250" inset="5,5,0,0" >
                <Button name="cphome_btn" align="left" padding="36,5,0,10" />
                <VerticalLayout height="100" >
                <HorizontalLayout >
                <Label style="sec_icon" />
                <Button name="devmgmt_btn" text="Device Managament" align="left" />
                </HorizontalLayout>

                <HorizontalLayout>
                <Label style="sec_icon" />
                <Button name="rmt_btn" text="Remote Settings" align="left" />
                </HorizontalLayout>

                <HorizontalLayout>
                <Label style="sec_icon" />
                <Button name="protect_btn" text="Remote Settings" align="left" />
                </HorizontalLayout>

                <HorizontalLayout >
                <Label style="sec_icon" />
                <Button name="adv_btn" text="Advanced Settings" align="left" />
                </HorizontalLayout>
                </VerticalLayout>

                <Control />
                <Button name="more_label" align="left" padding="20,0,0,0" enabled="false" />
                <Button name="act_btn" align="left" padding="20,0,0,0" />
                <Button name="update_btn" align="left" padding="20,0,0,0" />
                <Button name="perf_btn" visible="false" padding="20,0,0,0" />
                <Label padding="0,0,0,10" />
            </VerticalLayout>
            <VerticalLayout inset="5,5,0,0" vscrollbar="true" padding="0,0,5,5" >
                <Label name="basic_label" font="16" style="ct-txtinfo" padding="0,0,0,5" />
                <VerticalLayout height="100">
                  <HorizontalLayout height="20" >
                    <Label width="140" name="edition_group" text="Windows Edition" />
                    <Control height="1" padding="0,12,10,0" style="ct-bkhori" />
                  </HorizontalLayout>
                  <HorizontalLayout>
                  <VerticalLayout padding="20,4,0,0" >
                    <Label name="edition_edit1" />
                    <Label name="edition_edit2" />
                    <Label name="edition_edit3" />
                  </VerticalLayout>
                    <Label name="brand_img" width="340" height="72" padding="0,0,5,0" />
                </HorizontalLayout>
                </VerticalLayout>
                <VerticalLayout name="system_info" height="110">
                    <HorizontalLayout height="20" >
                    <Label name="system_group" width="100" />
                    <Control height="1" padding="0,12,10,0" style="ct-bkhori" />
                  </HorizontalLayout>
                  <HorizontalLayout>
                    <VerticalLayout width="240" padding="20,4,0,0" >
                      <Label name="mfgr_label" />
                      <Label name="model_label" />
                      <Label name="cpu_label" />
                      <Label name="mem_label" />
                      <Label name="arch_label" />
                    </VerticalLayout>
                    <VerticalLayout padding="0,4,0,0">
                      <Label name="mfgr_text" />
                      <Label name="model_text" />
                      <Label name="cpu_text" />
                      <Label name="mem_text" />
                      <Label name="arch_text" />
                    </VerticalLayout>
                  </HorizontalLayout>
                </VerticalLayout>
                <VerticalLayout height="130">
                  <HorizontalLayout height="20">
                    <Label name="host_group" width="420" />
                    <Control height="1" padding="0,12,10,0" style="ct-bkhori" />
                  </HorizontalLayout>
                  <HorizontalLayout>
                    <VerticalLayout width="240" padding="20,4,0,0" >
                      <Label name="host_label" />
                      <Label name="fqdn_label" />
                      <Label name="desc_label" />
                      <Label name="workgroup_label" />
                    </VerticalLayout>
                    <VerticalLayout padding="0,4,0,0">
                      <Label name="host_text" />
                      <Label name="fqdn_text" />
                      <Label name="desc_text" />
                      <Label name="workgroup_text" />
                    </VerticalLayout>
                    <VerticalLayout>
                      <HorizontalLayout width="150" >
                        <Label style="sec_icon" />
                        <Button name="host_settings_btn" align="left" height="20" padding="0,2,0,0" textcolor="#FF0066CC" />
                        </HorizontalLayout>
                    </VerticalLayout>
                  </HorizontalLayout>
                </VerticalLayout>
                <VerticalLayout height="60">
                  <HorizontalLayout height="20">
                    <Label name="status_group" width="150" />
                    <Control height="1" padding="-15,12,10,0" style="ct-bkhori" />
                  </HorizontalLayout>
                  <HorizontalLayout>
                     <VerticalLayout width="100" padding="20,4,0,0" >
                      <Label name="runtime_label" />
                    </VerticalLayout>
                    <VerticalLayout padding="0,4,0,0" >
                      <Label name="runtime_text" />
                    </VerticalLayout>
                  </HorizontalLayout>
              </VerticalLayout>
            </VerticalLayout>
        </HorizontalLayout>
    </VerticalLayout>
  </VerticalLayout>
</Window>
