<?xml version="1.0" encoding="utf-8"?>
<Window size="280,42" caption="0,0,0,32" defaultfontcolor="#FFE8EAF6" visible="false">

    <Style imagerectstyle="l,t,w,h" />

    <VerticalLayout bkcolor="#FFF0965C">
	    <!--VerticalLayout bkcolor="#FFF9F9F9"-->
          <HorizontalLayout height="4">
              <Control />
              <!-- https://docs.microsoft.com/ja-jp/windows/uwp/design/style/segoe-ui-symbol-font -->
          <Button name="::closebtn" text="x" font="sym" textcolor="#ff8b8b8b" hottextcolor="#ffffffff" hotimage="color='#FFF0965C'" width="40" height="10" />
		   <!--Button name="::closebtn" text="x" font="sym" textcolor="#ff8b8b8b" hottextcolor="#ffffffff" hotimage="color='#ff007ACC'" width="40" height="10" /-->
          </HorizontalLayout>
        <VerticalLayout height="34" bkcolor="#FF910816" bordersize="2,1,2,1" bordercolor="#FFF0965C" inset="1,1,1,1">
            <Label name="label_info" text="<b>热烈欢迎各位领导莅临指导，本PE即将开始为您服务!</b>" font="24" showhtml="true" textcolor="#FFFFE991" textpadding="30,-3,0,0" />
        </VerticalLayout>

    </VerticalLayout>
</Window>
