<?xml version="1.0" encoding="utf-8"?>
<Window size="130,30" caption="0,0,0,32" defaultfontcolor="#FFE8EAF6" visible="false">

    <Style imagerectstyle="l,t,w,h" />

    <VerticalLayout bkcolor="#FFF9F9F9">
          <HorizontalLayout height="1">
              <Control />
              <!-- https://docs.microsoft.com/ja-jp/windows/uwp/design/style/segoe-ui-symbol-font -->
          <Button name="::closebtn" text="x" font="sym" textcolor="#ff8b8b8b" hottextcolor="#ffffffff" hotimage="color='#ff007ACC'" width="40" height="10" />
          </HorizontalLayout>
        <!---VerticalLayout height="120" bkcolor="#FF910816" bordersize="5,5,5,5" bordercolor="#FFF0965C" inset="1,1,1,1"-->
             <VerticalLayout height="30" bkcolor="#FF910816" bordersize="5,5,5,5" bordercolor="#FFF0965C" inset="1,1,1,1">
            <Label name="label_info" text="<b>热烈欢迎各位领导莅临指导，本PE即将开始为您服务!</b>" font="30" showhtml="true" textcolor="#FFFFE991" textpadding="10,2,0,0" />
        </VerticalLayout>

    </VerticalLayout>
</Window>
